"ResponseID","ResponseColumnName","DataExportTag","QuestionText","Block","QualtricsQuestionType","QuestionSelector","QuestionSubSelector","QuestionType","CodedResponse","ResponseText","MatrixLineItem"
"R_Ol1OljNfeLYfDyh","Q1_1","Q1","This is a bipolar matrix.","Matrix Questions","Matrix","Bipolar","","Single Answer","3","1","Left choice 1:Right choice 1"
"R_2Xbq7ZNwQp4m9yc","Q1_1","Q1","This is a bipolar matrix.","Matrix Questions","Matrix","Bipolar","","Single Answer","1","1","Left choice 1:Right choice 1"
"R_2WMc1fqWALzsz0W","Q1_1","Q1","This is a bipolar matrix.","Matrix Questions","Matrix","Bipolar","","Single Answer","1","1","Left choice 1:Right choice 1"
"R_1Rj9Ro7N3ZI6Nup","Q1_1","Q1","This is a bipolar matrix.","Matrix Questions","Matrix","Bipolar","","Single Answer","3","1","Left choice 1:Right choice 1"
"R_3kG01ywLNNo2jm2","Q1_1","Q1","This is a bipolar matrix.","Matrix Questions","Matrix","Bipolar","","Single Answer","-99","1","Left choice 1:Right choice 1"
"R_123xF2iIkm3HWk4","Q1_1","Q1","This is a bipolar matrix.","Matrix Questions","Matrix","Bipolar","","Single Answer","2","1","Left choice 1:Right choice 1"
"R_Ol1OljNfeLYfDyh","Q1_2","Q1","This is a bipolar matrix.","Matrix Questions","Matrix","Bipolar","","Single Answer","2","2","Left choice 1:Right choice 1"
"R_2Xbq7ZNwQp4m9yc","Q1_2","Q1","This is a bipolar matrix.","Matrix Questions","Matrix","Bipolar","","Single Answer","2","2","Left choice 1:Right choice 1"
"R_2WMc1fqWALzsz0W","Q1_2","Q1","This is a bipolar matrix.","Matrix Questions","Matrix","Bipolar","","Single Answer","1","2","Left choice 1:Right choice 1"
"R_1Rj9Ro7N3ZI6Nup","Q1_2","Q1","This is a bipolar matrix.","Matrix Questions","Matrix","Bipolar","","Single Answer","2","2","Left choice 1:Right choice 1"
"R_3kG01ywLNNo2jm2","Q1_2","Q1","This is a bipolar matrix.","Matrix Questions","Matrix","Bipolar","","Single Answer","-99","2","Left choice 1:Right choice 1"
"R_123xF2iIkm3HWk4","Q1_2","Q1","This is a bipolar matrix.","Matrix Questions","Matrix","Bipolar","","Single Answer","2","2","Left choice 1:Right choice 1"
"R_Ol1OljNfeLYfDyh","Q1_3","Q1","This is a bipolar matrix.","Matrix Questions","Matrix","Bipolar","","Single Answer","1","3","Left choice 1:Right choice 1"
"R_2Xbq7ZNwQp4m9yc","Q1_3","Q1","This is a bipolar matrix.","Matrix Questions","Matrix","Bipolar","","Single Answer","1","3","Left choice 1:Right choice 1"
"R_2WMc1fqWALzsz0W","Q1_3","Q1","This is a bipolar matrix.","Matrix Questions","Matrix","Bipolar","","Single Answer","1","3","Left choice 1:Right choice 1"
"R_1Rj9Ro7N3ZI6Nup","Q1_3","Q1","This is a bipolar matrix.","Matrix Questions","Matrix","Bipolar","","Single Answer","2","3","Left choice 1:Right choice 1"
"R_3kG01ywLNNo2jm2","Q1_3","Q1","This is a bipolar matrix.","Matrix Questions","Matrix","Bipolar","","Single Answer","-99","3","Left choice 1:Right choice 1"
"R_123xF2iIkm3HWk4","Q1_3","Q1","This is a bipolar matrix.","Matrix Questions","Matrix","Bipolar","","Single Answer","2","3","Left choice 1:Right choice 1"
"R_Ol1OljNfeLYfDyh","Q2_1","Q2","This is a single answer likert matrix.","Matrix Questions","Matrix","Likert","SingleAnswer","Single Answer","1","Very Dissatisfied","Click to write Choice 1"
"R_2Xbq7ZNwQp4m9yc","Q2_1","Q2","This is a single answer likert matrix.","Matrix Questions","Matrix","Likert","SingleAnswer","Single Answer","2","Very Dissatisfied","Click to write Choice 1"
"R_2WMc1fqWALzsz0W","Q2_1","Q2","This is a single answer likert matrix.","Matrix Questions","Matrix","Likert","SingleAnswer","Single Answer","2","Very Dissatisfied","Click to write Choice 1"
"R_1Rj9Ro7N3ZI6Nup","Q2_1","Q2","This is a single answer likert matrix.","Matrix Questions","Matrix","Likert","SingleAnswer","Single Answer","2","Very Dissatisfied","Click to write Choice 1"
"R_3kG01ywLNNo2jm2","Q2_1","Q2","This is a single answer likert matrix.","Matrix Questions","Matrix","Likert","SingleAnswer","Single Answer","-99","Very Dissatisfied","Click to write Choice 1"
"R_123xF2iIkm3HWk4","Q2_1","Q2","This is a single answer likert matrix.","Matrix Questions","Matrix","Likert","SingleAnswer","Single Answer","3","Very Dissatisfied","Click to write Choice 1"
"R_Ol1OljNfeLYfDyh","Q2_2","Q2","This is a single answer likert matrix.","Matrix Questions","Matrix","Likert","SingleAnswer","Single Answer","2","Dissatisfied ","Click to write Choice 1"
"R_2Xbq7ZNwQp4m9yc","Q2_2","Q2","This is a single answer likert matrix.","Matrix Questions","Matrix","Likert","SingleAnswer","Single Answer","2","Dissatisfied ","Click to write Choice 1"
"R_2WMc1fqWALzsz0W","Q2_2","Q2","This is a single answer likert matrix.","Matrix Questions","Matrix","Likert","SingleAnswer","Single Answer","2","Dissatisfied ","Click to write Choice 1"
"R_1Rj9Ro7N3ZI6Nup","Q2_2","Q2","This is a single answer likert matrix.","Matrix Questions","Matrix","Likert","SingleAnswer","Single Answer","2","Dissatisfied ","Click to write Choice 1"
"R_3kG01ywLNNo2jm2","Q2_2","Q2","This is a single answer likert matrix.","Matrix Questions","Matrix","Likert","SingleAnswer","Single Answer","-99","Dissatisfied ","Click to write Choice 1"
"R_123xF2iIkm3HWk4","Q2_2","Q2","This is a single answer likert matrix.","Matrix Questions","Matrix","Likert","SingleAnswer","Single Answer","3","Dissatisfied ","Click to write Choice 1"
"R_Ol1OljNfeLYfDyh","Q2_3","Q2","This is a single answer likert matrix.","Matrix Questions","Matrix","Likert","SingleAnswer","Single Answer","2","Neutral","Click to write Choice 1"
"R_2Xbq7ZNwQp4m9yc","Q2_3","Q2","This is a single answer likert matrix.","Matrix Questions","Matrix","Likert","SingleAnswer","Single Answer","-99","Neutral","Click to write Choice 1"
"R_2WMc1fqWALzsz0W","Q2_3","Q2","This is a single answer likert matrix.","Matrix Questions","Matrix","Likert","SingleAnswer","Single Answer","2","Neutral","Click to write Choice 1"
"R_1Rj9Ro7N3ZI6Nup","Q2_3","Q2","This is a single answer likert matrix.","Matrix Questions","Matrix","Likert","SingleAnswer","Single Answer","2","Neutral","Click to write Choice 1"
"R_3kG01ywLNNo2jm2","Q2_3","Q2","This is a single answer likert matrix.","Matrix Questions","Matrix","Likert","SingleAnswer","Single Answer","-99","Neutral","Click to write Choice 1"
"R_123xF2iIkm3HWk4","Q2_3","Q2","This is a single answer likert matrix.","Matrix Questions","Matrix","Likert","SingleAnswer","Single Answer","3","Neutral","Click to write Choice 1"
"R_Ol1OljNfeLYfDyh","Q3_1_1","Q3","This is a multiple answer likert matrix","Matrix Questions","Matrix","Likert","MultipleAnswer","Check All","1","Click to write Scale point 1","Click to write Choice 1"
"R_2Xbq7ZNwQp4m9yc","Q3_1_1","Q3","This is a multiple answer likert matrix","Matrix Questions","Matrix","Likert","MultipleAnswer","Check All","1","Click to write Scale point 1","Click to write Choice 1"
"R_2WMc1fqWALzsz0W","Q3_1_1","Q3","This is a multiple answer likert matrix","Matrix Questions","Matrix","Likert","MultipleAnswer","Check All","0","Click to write Scale point 1","Click to write Choice 1"
"R_1Rj9Ro7N3ZI6Nup","Q3_1_1","Q3","This is a multiple answer likert matrix","Matrix Questions","Matrix","Likert","MultipleAnswer","Check All","1","Click to write Scale point 1","Click to write Choice 1"
"R_3kG01ywLNNo2jm2","Q3_1_1","Q3","This is a multiple answer likert matrix","Matrix Questions","Matrix","Likert","MultipleAnswer","Check All","-99","Click to write Scale point 1","Click to write Choice 1"
"R_123xF2iIkm3HWk4","Q3_1_1","Q3","This is a multiple answer likert matrix","Matrix Questions","Matrix","Likert","MultipleAnswer","Check All","0","Click to write Scale point 1","Click to write Choice 1"
"R_Ol1OljNfeLYfDyh","Q3_1_2","Q3","This is a multiple answer likert matrix","Matrix Questions","Matrix","Likert","MultipleAnswer","Check All","1","Click to write Scale point 2","Click to write Choice 1"
"R_2Xbq7ZNwQp4m9yc","Q3_1_2","Q3","This is a multiple answer likert matrix","Matrix Questions","Matrix","Likert","MultipleAnswer","Check All","0","Click to write Scale point 2","Click to write Choice 1"
"R_2WMc1fqWALzsz0W","Q3_1_2","Q3","This is a multiple answer likert matrix","Matrix Questions","Matrix","Likert","MultipleAnswer","Check All","1","Click to write Scale point 2","Click to write Choice 1"
"R_1Rj9Ro7N3ZI6Nup","Q3_1_2","Q3","This is a multiple answer likert matrix","Matrix Questions","Matrix","Likert","MultipleAnswer","Check All","0","Click to write Scale point 2","Click to write Choice 1"
"R_3kG01ywLNNo2jm2","Q3_1_2","Q3","This is a multiple answer likert matrix","Matrix Questions","Matrix","Likert","MultipleAnswer","Check All","-99","Click to write Scale point 2","Click to write Choice 1"
"R_123xF2iIkm3HWk4","Q3_1_2","Q3","This is a multiple answer likert matrix","Matrix Questions","Matrix","Likert","MultipleAnswer","Check All","1","Click to write Scale point 2","Click to write Choice 1"
"R_Ol1OljNfeLYfDyh","Q3_1_3","Q3","This is a multiple answer likert matrix","Matrix Questions","Matrix","Likert","MultipleAnswer","Check All","0","Click to write Scale point 3","Click to write Choice 1"
"R_2Xbq7ZNwQp4m9yc","Q3_1_3","Q3","This is a multiple answer likert matrix","Matrix Questions","Matrix","Likert","MultipleAnswer","Check All","0","Click to write Scale point 3","Click to write Choice 1"
"R_2WMc1fqWALzsz0W","Q3_1_3","Q3","This is a multiple answer likert matrix","Matrix Questions","Matrix","Likert","MultipleAnswer","Check All","0","Click to write Scale point 3","Click to write Choice 1"
"R_1Rj9Ro7N3ZI6Nup","Q3_1_3","Q3","This is a multiple answer likert matrix","Matrix Questions","Matrix","Likert","MultipleAnswer","Check All","0","Click to write Scale point 3","Click to write Choice 1"
"R_3kG01ywLNNo2jm2","Q3_1_3","Q3","This is a multiple answer likert matrix","Matrix Questions","Matrix","Likert","MultipleAnswer","Check All","-99","Click to write Scale point 3","Click to write Choice 1"
"R_123xF2iIkm3HWk4","Q3_1_3","Q3","This is a multiple answer likert matrix","Matrix Questions","Matrix","Likert","MultipleAnswer","Check All","0","Click to write Scale point 3","Click to write Choice 1"
"R_Ol1OljNfeLYfDyh","Q3_2_1","Q3","This is a multiple answer likert matrix","Matrix Questions","Matrix","Likert","MultipleAnswer","Check All","0","Click to write Scale point 1","Click to write Choice 2"
"R_2Xbq7ZNwQp4m9yc","Q3_2_1","Q3","This is a multiple answer likert matrix","Matrix Questions","Matrix","Likert","MultipleAnswer","Check All","1","Click to write Scale point 1","Click to write Choice 2"
"R_2WMc1fqWALzsz0W","Q3_2_1","Q3","This is a multiple answer likert matrix","Matrix Questions","Matrix","Likert","MultipleAnswer","Check All","0","Click to write Scale point 1","Click to write Choice 2"
"R_1Rj9Ro7N3ZI6Nup","Q3_2_1","Q3","This is a multiple answer likert matrix","Matrix Questions","Matrix","Likert","MultipleAnswer","Check All","0","Click to write Scale point 1","Click to write Choice 2"
"R_3kG01ywLNNo2jm2","Q3_2_1","Q3","This is a multiple answer likert matrix","Matrix Questions","Matrix","Likert","MultipleAnswer","Check All","-99","Click to write Scale point 1","Click to write Choice 2"
"R_123xF2iIkm3HWk4","Q3_2_1","Q3","This is a multiple answer likert matrix","Matrix Questions","Matrix","Likert","MultipleAnswer","Check All","1","Click to write Scale point 1","Click to write Choice 2"
"R_Ol1OljNfeLYfDyh","Q3_2_2","Q3","This is a multiple answer likert matrix","Matrix Questions","Matrix","Likert","MultipleAnswer","Check All","1","Click to write Scale point 2","Click to write Choice 2"
"R_2Xbq7ZNwQp4m9yc","Q3_2_2","Q3","This is a multiple answer likert matrix","Matrix Questions","Matrix","Likert","MultipleAnswer","Check All","0","Click to write Scale point 2","Click to write Choice 2"
"R_2WMc1fqWALzsz0W","Q3_2_2","Q3","This is a multiple answer likert matrix","Matrix Questions","Matrix","Likert","MultipleAnswer","Check All","1","Click to write Scale point 2","Click to write Choice 2"
"R_1Rj9Ro7N3ZI6Nup","Q3_2_2","Q3","This is a multiple answer likert matrix","Matrix Questions","Matrix","Likert","MultipleAnswer","Check All","1","Click to write Scale point 2","Click to write Choice 2"
"R_3kG01ywLNNo2jm2","Q3_2_2","Q3","This is a multiple answer likert matrix","Matrix Questions","Matrix","Likert","MultipleAnswer","Check All","-99","Click to write Scale point 2","Click to write Choice 2"
"R_123xF2iIkm3HWk4","Q3_2_2","Q3","This is a multiple answer likert matrix","Matrix Questions","Matrix","Likert","MultipleAnswer","Check All","0","Click to write Scale point 2","Click to write Choice 2"
"R_Ol1OljNfeLYfDyh","Q3_2_3","Q3","This is a multiple answer likert matrix","Matrix Questions","Matrix","Likert","MultipleAnswer","Check All","0","Click to write Scale point 3","Click to write Choice 2"
"R_2Xbq7ZNwQp4m9yc","Q3_2_3","Q3","This is a multiple answer likert matrix","Matrix Questions","Matrix","Likert","MultipleAnswer","Check All","0","Click to write Scale point 3","Click to write Choice 2"
"R_2WMc1fqWALzsz0W","Q3_2_3","Q3","This is a multiple answer likert matrix","Matrix Questions","Matrix","Likert","MultipleAnswer","Check All","0","Click to write Scale point 3","Click to write Choice 2"
"R_1Rj9Ro7N3ZI6Nup","Q3_2_3","Q3","This is a multiple answer likert matrix","Matrix Questions","Matrix","Likert","MultipleAnswer","Check All","0","Click to write Scale point 3","Click to write Choice 2"
"R_3kG01ywLNNo2jm2","Q3_2_3","Q3","This is a multiple answer likert matrix","Matrix Questions","Matrix","Likert","MultipleAnswer","Check All","-99","Click to write Scale point 3","Click to write Choice 2"
"R_123xF2iIkm3HWk4","Q3_2_3","Q3","This is a multiple answer likert matrix","Matrix Questions","Matrix","Likert","MultipleAnswer","Check All","0","Click to write Scale point 3","Click to write Choice 2"
"R_Ol1OljNfeLYfDyh","Q3_3_1","Q3","This is a multiple answer likert matrix","Matrix Questions","Matrix","Likert","MultipleAnswer","Check All","0","Click to write Scale point 1","Click to write Choice 3"
"R_2Xbq7ZNwQp4m9yc","Q3_3_1","Q3","This is a multiple answer likert matrix","Matrix Questions","Matrix","Likert","MultipleAnswer","Check All","-99","Click to write Scale point 1","Click to write Choice 3"
"R_2WMc1fqWALzsz0W","Q3_3_1","Q3","This is a multiple answer likert matrix","Matrix Questions","Matrix","Likert","MultipleAnswer","Check All","0","Click to write Scale point 1","Click to write Choice 3"
"R_1Rj9Ro7N3ZI6Nup","Q3_3_1","Q3","This is a multiple answer likert matrix","Matrix Questions","Matrix","Likert","MultipleAnswer","Check All","0","Click to write Scale point 1","Click to write Choice 3"
"R_3kG01ywLNNo2jm2","Q3_3_1","Q3","This is a multiple answer likert matrix","Matrix Questions","Matrix","Likert","MultipleAnswer","Check All","-99","Click to write Scale point 1","Click to write Choice 3"
"R_123xF2iIkm3HWk4","Q3_3_1","Q3","This is a multiple answer likert matrix","Matrix Questions","Matrix","Likert","MultipleAnswer","Check All","-99","Click to write Scale point 1","Click to write Choice 3"
"R_Ol1OljNfeLYfDyh","Q3_3_2","Q3","This is a multiple answer likert matrix","Matrix Questions","Matrix","Likert","MultipleAnswer","Check All","0","Click to write Scale point 2","Click to write Choice 3"
"R_2Xbq7ZNwQp4m9yc","Q3_3_2","Q3","This is a multiple answer likert matrix","Matrix Questions","Matrix","Likert","MultipleAnswer","Check All","-99","Click to write Scale point 2","Click to write Choice 3"
"R_2WMc1fqWALzsz0W","Q3_3_2","Q3","This is a multiple answer likert matrix","Matrix Questions","Matrix","Likert","MultipleAnswer","Check All","1","Click to write Scale point 2","Click to write Choice 3"
"R_1Rj9Ro7N3ZI6Nup","Q3_3_2","Q3","This is a multiple answer likert matrix","Matrix Questions","Matrix","Likert","MultipleAnswer","Check All","1","Click to write Scale point 2","Click to write Choice 3"
"R_3kG01ywLNNo2jm2","Q3_3_2","Q3","This is a multiple answer likert matrix","Matrix Questions","Matrix","Likert","MultipleAnswer","Check All","-99","Click to write Scale point 2","Click to write Choice 3"
"R_123xF2iIkm3HWk4","Q3_3_2","Q3","This is a multiple answer likert matrix","Matrix Questions","Matrix","Likert","MultipleAnswer","Check All","-99","Click to write Scale point 2","Click to write Choice 3"
"R_Ol1OljNfeLYfDyh","Q3_3_3","Q3","This is a multiple answer likert matrix","Matrix Questions","Matrix","Likert","MultipleAnswer","Check All","1","Click to write Scale point 3","Click to write Choice 3"
"R_2Xbq7ZNwQp4m9yc","Q3_3_3","Q3","This is a multiple answer likert matrix","Matrix Questions","Matrix","Likert","MultipleAnswer","Check All","-99","Click to write Scale point 3","Click to write Choice 3"
"R_2WMc1fqWALzsz0W","Q3_3_3","Q3","This is a multiple answer likert matrix","Matrix Questions","Matrix","Likert","MultipleAnswer","Check All","0","Click to write Scale point 3","Click to write Choice 3"
"R_1Rj9Ro7N3ZI6Nup","Q3_3_3","Q3","This is a multiple answer likert matrix","Matrix Questions","Matrix","Likert","MultipleAnswer","Check All","0","Click to write Scale point 3","Click to write Choice 3"
"R_3kG01ywLNNo2jm2","Q3_3_3","Q3","This is a multiple answer likert matrix","Matrix Questions","Matrix","Likert","MultipleAnswer","Check All","-99","Click to write Scale point 3","Click to write Choice 3"
"R_123xF2iIkm3HWk4","Q3_3_3","Q3","This is a multiple answer likert matrix","Matrix Questions","Matrix","Likert","MultipleAnswer","Check All","-99","Click to write Scale point 3","Click to write Choice 3"
"R_Ol1OljNfeLYfDyh","Q4_1","Q4","This is a drop down matrix","Matrix Questions","Matrix","Likert","DL","Single Answer","2","Scale point 1","Click to write Choice 1"
"R_2Xbq7ZNwQp4m9yc","Q4_1","Q4","This is a drop down matrix","Matrix Questions","Matrix","Likert","DL","Single Answer","1","Scale point 1","Click to write Choice 1"
"R_2WMc1fqWALzsz0W","Q4_1","Q4","This is a drop down matrix","Matrix Questions","Matrix","Likert","DL","Single Answer","2","Scale point 1","Click to write Choice 1"
"R_1Rj9Ro7N3ZI6Nup","Q4_1","Q4","This is a drop down matrix","Matrix Questions","Matrix","Likert","DL","Single Answer","1","Scale point 1","Click to write Choice 1"
"R_3kG01ywLNNo2jm2","Q4_1","Q4","This is a drop down matrix","Matrix Questions","Matrix","Likert","DL","Single Answer","-99","Scale point 1","Click to write Choice 1"
"R_123xF2iIkm3HWk4","Q4_1","Q4","This is a drop down matrix","Matrix Questions","Matrix","Likert","DL","Single Answer","2","Scale point 1","Click to write Choice 1"
"R_Ol1OljNfeLYfDyh","Q4_2","Q4","This is a drop down matrix","Matrix Questions","Matrix","Likert","DL","Single Answer","2","Scale point 2","Click to write Choice 1"
"R_2Xbq7ZNwQp4m9yc","Q4_2","Q4","This is a drop down matrix","Matrix Questions","Matrix","Likert","DL","Single Answer","-99","Scale point 2","Click to write Choice 1"
"R_2WMc1fqWALzsz0W","Q4_2","Q4","This is a drop down matrix","Matrix Questions","Matrix","Likert","DL","Single Answer","2","Scale point 2","Click to write Choice 1"
"R_1Rj9Ro7N3ZI6Nup","Q4_2","Q4","This is a drop down matrix","Matrix Questions","Matrix","Likert","DL","Single Answer","1","Scale point 2","Click to write Choice 1"
"R_3kG01ywLNNo2jm2","Q4_2","Q4","This is a drop down matrix","Matrix Questions","Matrix","Likert","DL","Single Answer","-99","Scale point 2","Click to write Choice 1"
"R_123xF2iIkm3HWk4","Q4_2","Q4","This is a drop down matrix","Matrix Questions","Matrix","Likert","DL","Single Answer","2","Scale point 2","Click to write Choice 1"
"R_Ol1OljNfeLYfDyh","Q4_3","Q4","This is a drop down matrix","Matrix Questions","Matrix","Likert","DL","Single Answer","-99","Scale point 3","Click to write Choice 1"
"R_2Xbq7ZNwQp4m9yc","Q4_3","Q4","This is a drop down matrix","Matrix Questions","Matrix","Likert","DL","Single Answer","1","Scale point 3","Click to write Choice 1"
"R_2WMc1fqWALzsz0W","Q4_3","Q4","This is a drop down matrix","Matrix Questions","Matrix","Likert","DL","Single Answer","2","Scale point 3","Click to write Choice 1"
"R_1Rj9Ro7N3ZI6Nup","Q4_3","Q4","This is a drop down matrix","Matrix Questions","Matrix","Likert","DL","Single Answer","2","Scale point 3","Click to write Choice 1"
"R_3kG01ywLNNo2jm2","Q4_3","Q4","This is a drop down matrix","Matrix Questions","Matrix","Likert","DL","Single Answer","-99","Scale point 3","Click to write Choice 1"
"R_123xF2iIkm3HWk4","Q4_3","Q4","This is a drop down matrix","Matrix Questions","Matrix","Likert","DL","Single Answer","2","Scale point 3","Click to write Choice 1"
"R_Ol1OljNfeLYfDyh","Q5","Q5","This is a single answer horizontal question","Multiple Choice Questions","MC","SAHR","TX","Single Answer","2","Click to write Choice 2",""
"R_2Xbq7ZNwQp4m9yc","Q5","Q5","This is a single answer horizontal question","Multiple Choice Questions","MC","SAHR","TX","Single Answer","3","Click to write Choice 3",""
"R_2WMc1fqWALzsz0W","Q5","Q5","This is a single answer horizontal question","Multiple Choice Questions","MC","SAHR","TX","Single Answer","3","Click to write Choice 3",""
"R_1Rj9Ro7N3ZI6Nup","Q5","Q5","This is a single answer horizontal question","Multiple Choice Questions","MC","SAHR","TX","Single Answer","3","Click to write Choice 3",""
"R_3kG01ywLNNo2jm2","Q5","Q5","This is a single answer horizontal question","Multiple Choice Questions","MC","SAHR","TX","Single Answer","-99","-99",""
"R_123xF2iIkm3HWk4","Q5","Q5","This is a single answer horizontal question","Multiple Choice Questions","MC","SAHR","TX","Single Answer","2","Click to write Choice 2",""
"R_Ol1OljNfeLYfDyh","Q6","Q6","This is a single answer vertical question","Multiple Choice Questions","MC","SAVR","TX","Single Answer","2","Click to write Choice 2",""
"R_2Xbq7ZNwQp4m9yc","Q6","Q6","This is a single answer vertical question","Multiple Choice Questions","MC","SAVR","TX","Single Answer","1","Click to write Choice 1",""
"R_2WMc1fqWALzsz0W","Q6","Q6","This is a single answer vertical question","Multiple Choice Questions","MC","SAVR","TX","Single Answer","2","Click to write Choice 2",""
"R_1Rj9Ro7N3ZI6Nup","Q6","Q6","This is a single answer vertical question","Multiple Choice Questions","MC","SAVR","TX","Single Answer","3","Click to write Choice 3",""
"R_3kG01ywLNNo2jm2","Q6","Q6","This is a single answer vertical question","Multiple Choice Questions","MC","SAVR","TX","Single Answer","-99","-99",""
"R_123xF2iIkm3HWk4","Q6","Q6","This is a single answer vertical question","Multiple Choice Questions","MC","SAVR","TX","Single Answer","1","Click to write Choice 1",""
"R_Ol1OljNfeLYfDyh","Q7","Q7","This is a single answer column question","Multiple Choice Questions","MC","SACOL","TX","Single Answer","1","Click to write Choice 1",""
"R_2Xbq7ZNwQp4m9yc","Q7","Q7","This is a single answer column question","Multiple Choice Questions","MC","SACOL","TX","Single Answer","2","Click to write Choice 2",""
"R_2WMc1fqWALzsz0W","Q7","Q7","This is a single answer column question","Multiple Choice Questions","MC","SACOL","TX","Single Answer","2","Click to write Choice 2",""
"R_1Rj9Ro7N3ZI6Nup","Q7","Q7","This is a single answer column question","Multiple Choice Questions","MC","SACOL","TX","Single Answer","1","Click to write Choice 1",""
"R_3kG01ywLNNo2jm2","Q7","Q7","This is a single answer column question","Multiple Choice Questions","MC","SACOL","TX","Single Answer","-99","-99",""
"R_123xF2iIkm3HWk4","Q7","Q7","This is a single answer column question","Multiple Choice Questions","MC","SACOL","TX","Single Answer","2","Click to write Choice 2",""
"R_Ol1OljNfeLYfDyh","Q8","Q8","This is a drop down list","Multiple Choice Questions","MC","DL","","Single Answer","3","Click to write Choice 3",""
"R_2Xbq7ZNwQp4m9yc","Q8","Q8","This is a drop down list","Multiple Choice Questions","MC","DL","","Single Answer","3","Click to write Choice 3",""
"R_2WMc1fqWALzsz0W","Q8","Q8","This is a drop down list","Multiple Choice Questions","MC","DL","","Single Answer","2","Click to write Choice 2",""
"R_1Rj9Ro7N3ZI6Nup","Q8","Q8","This is a drop down list","Multiple Choice Questions","MC","DL","","Single Answer","2","Click to write Choice 2",""
"R_3kG01ywLNNo2jm2","Q8","Q8","This is a drop down list","Multiple Choice Questions","MC","DL","","Single Answer","-99","-99",""
"R_123xF2iIkm3HWk4","Q8","Q8","This is a drop down list","Multiple Choice Questions","MC","DL","","Single Answer","2","Click to write Choice 2",""
"R_Ol1OljNfeLYfDyh","Q9","Q9","This is a single selection box","Multiple Choice Questions","MC","SB","","Single Answer","3","Click to write Choice 3",""
"R_2Xbq7ZNwQp4m9yc","Q9","Q9","This is a single selection box","Multiple Choice Questions","MC","SB","","Single Answer","1","Click to write Choice 1",""
"R_2WMc1fqWALzsz0W","Q9","Q9","This is a single selection box","Multiple Choice Questions","MC","SB","","Single Answer","1","Click to write Choice 1",""
"R_1Rj9Ro7N3ZI6Nup","Q9","Q9","This is a single selection box","Multiple Choice Questions","MC","SB","","Single Answer","2","Click to write Choice 2",""
"R_3kG01ywLNNo2jm2","Q9","Q9","This is a single selection box","Multiple Choice Questions","MC","SB","","Single Answer","-99","-99",""
"R_123xF2iIkm3HWk4","Q9","Q9","This is a single selection box","Multiple Choice Questions","MC","SB","","Single Answer","1","Click to write Choice 1",""
"R_Ol1OljNfeLYfDyh","Q10_1","Q10","This is a multiple selection box","Multiple Choice Questions","MC","MSB","","Check All",NA,"Click to write Choice 1",""
"R_2Xbq7ZNwQp4m9yc","Q10_1","Q10","This is a multiple selection box","Multiple Choice Questions","MC","MSB","","Check All",NA,"Click to write Choice 1",""
"R_2WMc1fqWALzsz0W","Q10_1","Q10","This is a multiple selection box","Multiple Choice Questions","MC","MSB","","Check All","1","Click to write Choice 1",""
"R_1Rj9Ro7N3ZI6Nup","Q10_1","Q10","This is a multiple selection box","Multiple Choice Questions","MC","MSB","","Check All","0","Click to write Choice 1",""
"R_3kG01ywLNNo2jm2","Q10_1","Q10","This is a multiple selection box","Multiple Choice Questions","MC","MSB","","Check All","-99","Click to write Choice 1",""
"R_123xF2iIkm3HWk4","Q10_1","Q10","This is a multiple selection box","Multiple Choice Questions","MC","MSB","","Check All","0","Click to write Choice 1",""
"R_Ol1OljNfeLYfDyh","Q10_2","Q10","This is a multiple selection box","Multiple Choice Questions","MC","MSB","","Check All",NA,"Click to write Choice 2",""
"R_2Xbq7ZNwQp4m9yc","Q10_2","Q10","This is a multiple selection box","Multiple Choice Questions","MC","MSB","","Check All",NA,"Click to write Choice 2",""
"R_2WMc1fqWALzsz0W","Q10_2","Q10","This is a multiple selection box","Multiple Choice Questions","MC","MSB","","Check All","1","Click to write Choice 2",""
"R_1Rj9Ro7N3ZI6Nup","Q10_2","Q10","This is a multiple selection box","Multiple Choice Questions","MC","MSB","","Check All","0","Click to write Choice 2",""
"R_3kG01ywLNNo2jm2","Q10_2","Q10","This is a multiple selection box","Multiple Choice Questions","MC","MSB","","Check All","-99","Click to write Choice 2",""
"R_123xF2iIkm3HWk4","Q10_2","Q10","This is a multiple selection box","Multiple Choice Questions","MC","MSB","","Check All","1","Click to write Choice 2",""
"R_Ol1OljNfeLYfDyh","Q10_3","Q10","This is a multiple selection box","Multiple Choice Questions","MC","MSB","","Check All",NA,"Click to write Choice 3",""
"R_2Xbq7ZNwQp4m9yc","Q10_3","Q10","This is a multiple selection box","Multiple Choice Questions","MC","MSB","","Check All",NA,"Click to write Choice 3",""
"R_2WMc1fqWALzsz0W","Q10_3","Q10","This is a multiple selection box","Multiple Choice Questions","MC","MSB","","Check All","0","Click to write Choice 3",""
"R_1Rj9Ro7N3ZI6Nup","Q10_3","Q10","This is a multiple selection box","Multiple Choice Questions","MC","MSB","","Check All","1","Click to write Choice 3",""
"R_3kG01ywLNNo2jm2","Q10_3","Q10","This is a multiple selection box","Multiple Choice Questions","MC","MSB","","Check All","-99","Click to write Choice 3",""
"R_123xF2iIkm3HWk4","Q10_3","Q10","This is a multiple selection box","Multiple Choice Questions","MC","MSB","","Check All","1","Click to write Choice 3",""
"R_Ol1OljNfeLYfDyh","Q11_1","Q11","This is a multiple answer (check allcolumn question.","Multiple Choice Questions","MC","MACOL","TX","Check All","1","Click to write Choice 1",""
"R_2Xbq7ZNwQp4m9yc","Q11_1","Q11","This is a multiple answer (check allcolumn question.","Multiple Choice Questions","MC","MACOL","TX","Check All","1","Click to write Choice 1",""
"R_2WMc1fqWALzsz0W","Q11_1","Q11","This is a multiple answer (check allcolumn question.","Multiple Choice Questions","MC","MACOL","TX","Check All","1","Click to write Choice 1",""
"R_1Rj9Ro7N3ZI6Nup","Q11_1","Q11","This is a multiple answer (check allcolumn question.","Multiple Choice Questions","MC","MACOL","TX","Check All","1","Click to write Choice 1",""
"R_3kG01ywLNNo2jm2","Q11_1","Q11","This is a multiple answer (check allcolumn question.","Multiple Choice Questions","MC","MACOL","TX","Check All","-99","Click to write Choice 1",""
"R_123xF2iIkm3HWk4","Q11_1","Q11","This is a multiple answer (check allcolumn question.","Multiple Choice Questions","MC","MACOL","TX","Check All","1","Click to write Choice 1",""
"R_Ol1OljNfeLYfDyh","Q11_2","Q11","This is a multiple answer (check allcolumn question.","Multiple Choice Questions","MC","MACOL","TX","Check All","0","Click to write Choice 2",""
"R_2Xbq7ZNwQp4m9yc","Q11_2","Q11","This is a multiple answer (check allcolumn question.","Multiple Choice Questions","MC","MACOL","TX","Check All","1","Click to write Choice 2",""
"R_2WMc1fqWALzsz0W","Q11_2","Q11","This is a multiple answer (check allcolumn question.","Multiple Choice Questions","MC","MACOL","TX","Check All","0","Click to write Choice 2",""
"R_1Rj9Ro7N3ZI6Nup","Q11_2","Q11","This is a multiple answer (check allcolumn question.","Multiple Choice Questions","MC","MACOL","TX","Check All","0","Click to write Choice 2",""
"R_3kG01ywLNNo2jm2","Q11_2","Q11","This is a multiple answer (check allcolumn question.","Multiple Choice Questions","MC","MACOL","TX","Check All","-99","Click to write Choice 2",""
"R_123xF2iIkm3HWk4","Q11_2","Q11","This is a multiple answer (check allcolumn question.","Multiple Choice Questions","MC","MACOL","TX","Check All","1","Click to write Choice 2",""
"R_Ol1OljNfeLYfDyh","Q11_3","Q11","This is a multiple answer (check allcolumn question.","Multiple Choice Questions","MC","MACOL","TX","Check All","0","Click to write Choice 3",""
"R_2Xbq7ZNwQp4m9yc","Q11_3","Q11","This is a multiple answer (check allcolumn question.","Multiple Choice Questions","MC","MACOL","TX","Check All","0","Click to write Choice 3",""
"R_2WMc1fqWALzsz0W","Q11_3","Q11","This is a multiple answer (check allcolumn question.","Multiple Choice Questions","MC","MACOL","TX","Check All","0","Click to write Choice 3",""
"R_1Rj9Ro7N3ZI6Nup","Q11_3","Q11","This is a multiple answer (check allcolumn question.","Multiple Choice Questions","MC","MACOL","TX","Check All","0","Click to write Choice 3",""
"R_3kG01ywLNNo2jm2","Q11_3","Q11","This is a multiple answer (check allcolumn question.","Multiple Choice Questions","MC","MACOL","TX","Check All","-99","Click to write Choice 3",""
"R_123xF2iIkm3HWk4","Q11_3","Q11","This is a multiple answer (check allcolumn question.","Multiple Choice Questions","MC","MACOL","TX","Check All","1","Click to write Choice 3",""
"R_Ol1OljNfeLYfDyh","Q12_1","Q12","This is a multiple choice (check allhorizontal question","Multiple Choice Questions","MC","MAHR","TX","Check All","1","Click to write Choice 1",""
"R_2Xbq7ZNwQp4m9yc","Q12_1","Q12","This is a multiple choice (check allhorizontal question","Multiple Choice Questions","MC","MAHR","TX","Check All","1","Click to write Choice 1",""
"R_2WMc1fqWALzsz0W","Q12_1","Q12","This is a multiple choice (check allhorizontal question","Multiple Choice Questions","MC","MAHR","TX","Check All","1","Click to write Choice 1",""
"R_1Rj9Ro7N3ZI6Nup","Q12_1","Q12","This is a multiple choice (check allhorizontal question","Multiple Choice Questions","MC","MAHR","TX","Check All","0","Click to write Choice 1",""
"R_3kG01ywLNNo2jm2","Q12_1","Q12","This is a multiple choice (check allhorizontal question","Multiple Choice Questions","MC","MAHR","TX","Check All","-99","Click to write Choice 1",""
"R_123xF2iIkm3HWk4","Q12_1","Q12","This is a multiple choice (check allhorizontal question","Multiple Choice Questions","MC","MAHR","TX","Check All","0","Click to write Choice 1",""
"R_Ol1OljNfeLYfDyh","Q12_2","Q12","This is a multiple choice (check allhorizontal question","Multiple Choice Questions","MC","MAHR","TX","Check All","0","Click to write Choice 2",""
"R_2Xbq7ZNwQp4m9yc","Q12_2","Q12","This is a multiple choice (check allhorizontal question","Multiple Choice Questions","MC","MAHR","TX","Check All","0","Click to write Choice 2",""
"R_2WMc1fqWALzsz0W","Q12_2","Q12","This is a multiple choice (check allhorizontal question","Multiple Choice Questions","MC","MAHR","TX","Check All","1","Click to write Choice 2",""
"R_1Rj9Ro7N3ZI6Nup","Q12_2","Q12","This is a multiple choice (check allhorizontal question","Multiple Choice Questions","MC","MAHR","TX","Check All","1","Click to write Choice 2",""
"R_3kG01ywLNNo2jm2","Q12_2","Q12","This is a multiple choice (check allhorizontal question","Multiple Choice Questions","MC","MAHR","TX","Check All","-99","Click to write Choice 2",""
"R_123xF2iIkm3HWk4","Q12_2","Q12","This is a multiple choice (check allhorizontal question","Multiple Choice Questions","MC","MAHR","TX","Check All","1","Click to write Choice 2",""
"R_Ol1OljNfeLYfDyh","Q12_3","Q12","This is a multiple choice (check allhorizontal question","Multiple Choice Questions","MC","MAHR","TX","Check All","0","Click to write Choice 3",""
"R_2Xbq7ZNwQp4m9yc","Q12_3","Q12","This is a multiple choice (check allhorizontal question","Multiple Choice Questions","MC","MAHR","TX","Check All","0","Click to write Choice 3",""
"R_2WMc1fqWALzsz0W","Q12_3","Q12","This is a multiple choice (check allhorizontal question","Multiple Choice Questions","MC","MAHR","TX","Check All","0","Click to write Choice 3",""
"R_1Rj9Ro7N3ZI6Nup","Q12_3","Q12","This is a multiple choice (check allhorizontal question","Multiple Choice Questions","MC","MAHR","TX","Check All","0","Click to write Choice 3",""
"R_3kG01ywLNNo2jm2","Q12_3","Q12","This is a multiple choice (check allhorizontal question","Multiple Choice Questions","MC","MAHR","TX","Check All","-99","Click to write Choice 3",""
"R_123xF2iIkm3HWk4","Q12_3","Q12","This is a multiple choice (check allhorizontal question","Multiple Choice Questions","MC","MAHR","TX","Check All","0","Click to write Choice 3",""
"R_Ol1OljNfeLYfDyh","Q13_1","Q13","This is a multiple choice (check allvertical question","Multiple Choice Questions","MC","MAVR","TX","Check All","0","Click to write Choice 1",""
"R_2Xbq7ZNwQp4m9yc","Q13_1","Q13","This is a multiple choice (check allvertical question","Multiple Choice Questions","MC","MAVR","TX","Check All","0","Click to write Choice 1",""
"R_2WMc1fqWALzsz0W","Q13_1","Q13","This is a multiple choice (check allvertical question","Multiple Choice Questions","MC","MAVR","TX","Check All","0","Click to write Choice 1",""
"R_1Rj9Ro7N3ZI6Nup","Q13_1","Q13","This is a multiple choice (check allvertical question","Multiple Choice Questions","MC","MAVR","TX","Check All","1","Click to write Choice 1",""
"R_3kG01ywLNNo2jm2","Q13_1","Q13","This is a multiple choice (check allvertical question","Multiple Choice Questions","MC","MAVR","TX","Check All","-99","Click to write Choice 1",""
"R_123xF2iIkm3HWk4","Q13_1","Q13","This is a multiple choice (check allvertical question","Multiple Choice Questions","MC","MAVR","TX","Check All","1","Click to write Choice 1",""
"R_Ol1OljNfeLYfDyh","Q13_2","Q13","This is a multiple choice (check allvertical question","Multiple Choice Questions","MC","MAVR","TX","Check All","1","Click to write Choice 2",""
"R_2Xbq7ZNwQp4m9yc","Q13_2","Q13","This is a multiple choice (check allvertical question","Multiple Choice Questions","MC","MAVR","TX","Check All","1","Click to write Choice 2",""
"R_2WMc1fqWALzsz0W","Q13_2","Q13","This is a multiple choice (check allvertical question","Multiple Choice Questions","MC","MAVR","TX","Check All","1","Click to write Choice 2",""
"R_1Rj9Ro7N3ZI6Nup","Q13_2","Q13","This is a multiple choice (check allvertical question","Multiple Choice Questions","MC","MAVR","TX","Check All","0","Click to write Choice 2",""
"R_3kG01ywLNNo2jm2","Q13_2","Q13","This is a multiple choice (check allvertical question","Multiple Choice Questions","MC","MAVR","TX","Check All","-99","Click to write Choice 2",""
"R_123xF2iIkm3HWk4","Q13_2","Q13","This is a multiple choice (check allvertical question","Multiple Choice Questions","MC","MAVR","TX","Check All","0","Click to write Choice 2",""
"R_Ol1OljNfeLYfDyh","Q13_3","Q13","This is a multiple choice (check allvertical question","Multiple Choice Questions","MC","MAVR","TX","Check All","0","Click to write Choice 3",""
"R_2Xbq7ZNwQp4m9yc","Q13_3","Q13","This is a multiple choice (check allvertical question","Multiple Choice Questions","MC","MAVR","TX","Check All","1","Click to write Choice 3",""
"R_2WMc1fqWALzsz0W","Q13_3","Q13","This is a multiple choice (check allvertical question","Multiple Choice Questions","MC","MAVR","TX","Check All","1","Click to write Choice 3",""
"R_1Rj9Ro7N3ZI6Nup","Q13_3","Q13","This is a multiple choice (check allvertical question","Multiple Choice Questions","MC","MAVR","TX","Check All","0","Click to write Choice 3",""
"R_3kG01ywLNNo2jm2","Q13_3","Q13","This is a multiple choice (check allvertical question","Multiple Choice Questions","MC","MAVR","TX","Check All","-99","Click to write Choice 3",""
"R_123xF2iIkm3HWk4","Q13_3","Q13","This is a multiple choice (check allvertical question","Multiple Choice Questions","MC","MAVR","TX","Check All","0","Click to write Choice 3",""
"R_Ol1OljNfeLYfDyh","Q14_1","Q14","This is a drag and drop rank order question","Rank Order Questions","RO","DND","TX","Rank Order","3","Click to write Item 3",""
"R_2Xbq7ZNwQp4m9yc","Q14_1","Q14","This is a drag and drop rank order question","Rank Order Questions","RO","DND","TX","Rank Order","3","Click to write Item 3",""
"R_2WMc1fqWALzsz0W","Q14_1","Q14","This is a drag and drop rank order question","Rank Order Questions","RO","DND","TX","Rank Order","3","Click to write Item 3",""
"R_1Rj9Ro7N3ZI6Nup","Q14_1","Q14","This is a drag and drop rank order question","Rank Order Questions","RO","DND","TX","Rank Order","3","Click to write Item 3",""
"R_3kG01ywLNNo2jm2","Q14_1","Q14","This is a drag and drop rank order question","Rank Order Questions","RO","DND","TX","Rank Order","-99","-99",""
"R_123xF2iIkm3HWk4","Q14_1","Q14","This is a drag and drop rank order question","Rank Order Questions","RO","DND","TX","Rank Order","1","Click to write Item 1",""
"R_Ol1OljNfeLYfDyh","Q14_2","Q14","This is a drag and drop rank order question","Rank Order Questions","RO","DND","TX","Rank Order","2","Click to write Item 2",""
"R_2Xbq7ZNwQp4m9yc","Q14_2","Q14","This is a drag and drop rank order question","Rank Order Questions","RO","DND","TX","Rank Order","1","Click to write Item 1",""
"R_2WMc1fqWALzsz0W","Q14_2","Q14","This is a drag and drop rank order question","Rank Order Questions","RO","DND","TX","Rank Order","1","Click to write Item 1",""
"R_1Rj9Ro7N3ZI6Nup","Q14_2","Q14","This is a drag and drop rank order question","Rank Order Questions","RO","DND","TX","Rank Order","1","Click to write Item 1",""
"R_3kG01ywLNNo2jm2","Q14_2","Q14","This is a drag and drop rank order question","Rank Order Questions","RO","DND","TX","Rank Order","-99","-99",""
"R_123xF2iIkm3HWk4","Q14_2","Q14","This is a drag and drop rank order question","Rank Order Questions","RO","DND","TX","Rank Order","3","Click to write Item 3",""
"R_Ol1OljNfeLYfDyh","Q14_3","Q14","This is a drag and drop rank order question","Rank Order Questions","RO","DND","TX","Rank Order","1","Click to write Item 1",""
"R_2Xbq7ZNwQp4m9yc","Q14_3","Q14","This is a drag and drop rank order question","Rank Order Questions","RO","DND","TX","Rank Order","2","Click to write Item 2",""
"R_2WMc1fqWALzsz0W","Q14_3","Q14","This is a drag and drop rank order question","Rank Order Questions","RO","DND","TX","Rank Order","2","Click to write Item 2",""
"R_1Rj9Ro7N3ZI6Nup","Q14_3","Q14","This is a drag and drop rank order question","Rank Order Questions","RO","DND","TX","Rank Order","2","Click to write Item 2",""
"R_3kG01ywLNNo2jm2","Q14_3","Q14","This is a drag and drop rank order question","Rank Order Questions","RO","DND","TX","Rank Order","-99","-99",""
"R_123xF2iIkm3HWk4","Q14_3","Q14","This is a drag and drop rank order question","Rank Order Questions","RO","DND","TX","Rank Order","2","Click to write Item 2",""
"R_Ol1OljNfeLYfDyh","Q15_1","Q15","This is a radio button rank order question","Rank Order Questions","RO","RB","TX","Rank Order","3","Click to write Item 3",""
"R_2Xbq7ZNwQp4m9yc","Q15_1","Q15","This is a radio button rank order question","Rank Order Questions","RO","RB","TX","Rank Order","3","Click to write Item 3",""
"R_2WMc1fqWALzsz0W","Q15_1","Q15","This is a radio button rank order question","Rank Order Questions","RO","RB","TX","Rank Order","-99","-99",""
"R_1Rj9Ro7N3ZI6Nup","Q15_1","Q15","This is a radio button rank order question","Rank Order Questions","RO","RB","TX","Rank Order","2","Click to write Item 2",""
"R_3kG01ywLNNo2jm2","Q15_1","Q15","This is a radio button rank order question","Rank Order Questions","RO","RB","TX","Rank Order","-99","-99",""
"R_123xF2iIkm3HWk4","Q15_1","Q15","This is a radio button rank order question","Rank Order Questions","RO","RB","TX","Rank Order","1","Click to write Item 1",""
"R_Ol1OljNfeLYfDyh","Q15_2","Q15","This is a radio button rank order question","Rank Order Questions","RO","RB","TX","Rank Order","2","Click to write Item 2",""
"R_2Xbq7ZNwQp4m9yc","Q15_2","Q15","This is a radio button rank order question","Rank Order Questions","RO","RB","TX","Rank Order","1","Click to write Item 1",""
"R_2WMc1fqWALzsz0W","Q15_2","Q15","This is a radio button rank order question","Rank Order Questions","RO","RB","TX","Rank Order","2","Click to write Item 2",""
"R_1Rj9Ro7N3ZI6Nup","Q15_2","Q15","This is a radio button rank order question","Rank Order Questions","RO","RB","TX","Rank Order","-99","-99",""
"R_3kG01ywLNNo2jm2","Q15_2","Q15","This is a radio button rank order question","Rank Order Questions","RO","RB","TX","Rank Order","-99","-99",""
"R_123xF2iIkm3HWk4","Q15_2","Q15","This is a radio button rank order question","Rank Order Questions","RO","RB","TX","Rank Order","-99","-99",""
"R_Ol1OljNfeLYfDyh","Q15_3","Q15","This is a radio button rank order question","Rank Order Questions","RO","RB","TX","Rank Order","1","Click to write Item 1",""
"R_2Xbq7ZNwQp4m9yc","Q15_3","Q15","This is a radio button rank order question","Rank Order Questions","RO","RB","TX","Rank Order","-99","-99",""
"R_2WMc1fqWALzsz0W","Q15_3","Q15","This is a radio button rank order question","Rank Order Questions","RO","RB","TX","Rank Order","1","Click to write Item 1",""
"R_1Rj9Ro7N3ZI6Nup","Q15_3","Q15","This is a radio button rank order question","Rank Order Questions","RO","RB","TX","Rank Order","3","Click to write Item 3",""
"R_3kG01ywLNNo2jm2","Q15_3","Q15","This is a radio button rank order question","Rank Order Questions","RO","RB","TX","Rank Order","-99","-99",""
"R_123xF2iIkm3HWk4","Q15_3","Q15","This is a radio button rank order question","Rank Order Questions","RO","RB","TX","Rank Order","2","Click to write Item 2",""
